<?xml version="1.0" encoding="UTF-8"?>
<configurationDescriptor version="73">
  <logicalFolder name="root" displayName="root" projectFiles="true" kind="ROOT">
    <logicalFolder name="HeaderFiles"
                   displayName="Header Files"
                   projectFiles="true">
      <logicalFolder name="render_e" displayName="render_e" projectFiles="true">
        <logicalFolder name="math" displayName="math" projectFiles="true">
          <itemPath>src/render_e/math/Mathf.h</itemPath>
          <itemPath>src/render_e/math/Matrix44.h</itemPath>
          <itemPath>src/render_e/math/Quaternion.h</itemPath>
          <itemPath>src/render_e/math/Vector2.h</itemPath>
          <itemPath>src/render_e/math/Vector3.h</itemPath>
          <itemPath>src/render_e/math/Vector4.h</itemPath>
        </logicalFolder>
        <logicalFolder name="shaders" displayName="shaders" projectFiles="true">
          <itemPath>DefaultShaders.h</itemPath>
          <itemPath>src/render_e/shaders/Shader.h</itemPath>
          <itemPath>src/render_e/shaders/ShaderDataSource.h</itemPath>
          <itemPath>src/render_e/shaders/ShaderFileDataSource.h</itemPath>
        </logicalFolder>
        <logicalFolder name="textures" displayName="textures" projectFiles="true">
          <itemPath>src/render_e/textures/CubeTexture.h</itemPath>
          <itemPath>src/render_e/textures/PNGFileTextureDataSource.h</itemPath>
          <itemPath>src/render_e/textures/Texture2D.h</itemPath>
          <itemPath>src/render_e/textures/TextureBase.h</itemPath>
          <itemPath>src/render_e/textures/TextureDataSource.h</itemPath>
        </logicalFolder>
        <itemPath>src/render_e/Camera.h</itemPath>
        <itemPath>src/render_e/Component.h</itemPath>
        <itemPath>src/render_e/FBXLoader.h</itemPath>
        <itemPath>src/render_e/Light.h</itemPath>
        <itemPath>src/render_e/Material.h</itemPath>
        <itemPath>src/render_e/Mesh.h</itemPath>
        <itemPath>src/render_e/MeshComponent.h</itemPath>
        <itemPath>src/render_e/MeshFactory.h</itemPath>
        <itemPath>src/render_e/RenderBase.h</itemPath>
        <itemPath>src/render_e/SceneObject.h</itemPath>
        <itemPath>src/render_e/SceneXMLParser.h</itemPath>
        <itemPath>src/render_e/Transform.h</itemPath>
      </logicalFolder>
    </logicalFolder>
    <logicalFolder name="ResourceFiles"
                   displayName="Resource Files"
                   projectFiles="true">
      <itemPath>shader-src/buggy.fs</itemPath>
      <itemPath>shader-src/buggy.vs</itemPath>
      <itemPath>shader-src/diffuse-color.fs</itemPath>
      <itemPath>shader-src/diffuse-color.vs</itemPath>
      <itemPath>shader-src/diffuse-texture.fs</itemPath>
      <itemPath>shader-src/diffuse-texture.vs</itemPath>
      <itemPath>shader-src/diffuse.fs</itemPath>
      <itemPath>shader-src/diffuse.vs</itemPath>
      <itemPath>shader-src/linkbug.fs</itemPath>
      <itemPath>shader-src/linkbug.vs</itemPath>
      <itemPath>shader-src/zonly.fs</itemPath>
      <itemPath>shader-src/zonly.vs</itemPath>
    </logicalFolder>
    <logicalFolder name="SourceFiles"
                   displayName="Source Files"
                   projectFiles="true">
      <logicalFolder name="render_e" displayName="render_e" projectFiles="true">
        <logicalFolder name="math" displayName="math" projectFiles="true">
          <itemPath>src/render_e/math/Mathf.cpp</itemPath>
          <itemPath>src/render_e/math/Matrix44.cpp</itemPath>
          <itemPath>src/render_e/math/Quaternion.cpp</itemPath>
          <itemPath>src/render_e/math/Vector2.cpp</itemPath>
          <itemPath>src/render_e/math/Vector3.cpp</itemPath>
          <itemPath>src/render_e/math/Vector4.cpp</itemPath>
        </logicalFolder>
        <logicalFolder name="shaders" displayName="shaders" projectFiles="true">
          <itemPath>src/render_e/shaders/DefaultShaders.cpp</itemPath>
          <itemPath>src/render_e/shaders/Shader.cpp</itemPath>
          <itemPath>src/render_e/shaders/ShaderDataSource.cpp</itemPath>
          <itemPath>src/render_e/shaders/ShaderFileDataSource.cpp</itemPath>
        </logicalFolder>
        <logicalFolder name="textures" displayName="textures" projectFiles="true">
          <itemPath>src/render_e/textures/CubeTexture.cpp</itemPath>
          <itemPath>src/render_e/textures/PNGFileTextureDataSource.cpp</itemPath>
          <itemPath>src/render_e/textures/Texture2D.cpp</itemPath>
          <itemPath>src/render_e/textures/TextureBase.cpp</itemPath>
          <itemPath>src/render_e/textures/TextureDataSource.cpp</itemPath>
        </logicalFolder>
        <itemPath>src/render_e/Camera.cpp</itemPath>
        <itemPath>src/render_e/Component.cpp</itemPath>
        <itemPath>src/render_e/FBXLoader.cpp</itemPath>
        <itemPath>src/render_e/Light.cpp</itemPath>
        <itemPath>src/render_e/Material.cpp</itemPath>
        <itemPath>src/render_e/Mesh.cpp</itemPath>
        <itemPath>src/render_e/MeshComponent.cpp</itemPath>
        <itemPath>src/render_e/MeshFactory.cpp</itemPath>
        <itemPath>src/render_e/RenderBase.cpp</itemPath>
        <itemPath>src/render_e/SceneObject.cpp</itemPath>
        <itemPath>src/render_e/SceneXMLParser.cpp</itemPath>
        <itemPath>src/render_e/Transform.cpp</itemPath>
      </logicalFolder>
      <itemPath>src/main.cpp</itemPath>
      <itemPath>png_texture.cpp</itemPath>
    </logicalFolder>
    <logicalFolder name="TestFiles"
                   displayName="Test Files"
                   projectFiles="false"
                   kind="TEST_LOGICAL_FOLDER">
      <logicalFolder name="f2" displayName="PNGTest" projectFiles="true" kind="TEST">
        <itemPath>tests/newtestclass1.cpp</itemPath>
        <itemPath>tests/newtestclass1.h</itemPath>
        <itemPath>tests/newtestrunner1.cpp</itemPath>
      </logicalFolder>
      <logicalFolder name="f3"
                     displayName="PNGTestSimple"
                     projectFiles="true"
                     kind="TEST">
        <itemPath>tests/newsimpletest.cpp</itemPath>
      </logicalFolder>
      <logicalFolder name="f1"
                     displayName="TransformTest"
                     projectFiles="true"
                     kind="TEST">
        <itemPath>tests/newtestclass.cpp</itemPath>
        <itemPath>tests/newtestclass.h</itemPath>
        <itemPath>tests/newtestrunner.cpp</itemPath>
      </logicalFolder>
    </logicalFolder>
    <logicalFolder name="ExternalFiles"
                   displayName="Important Files"
                   projectFiles="false"
                   kind="IMPORTANT_FILES_FOLDER">
      <itemPath>Makefile</itemPath>
    </logicalFolder>
    <itemPath>readme.txt</itemPath>
  </logicalFolder>
  <sourceRootList>
    <Elem>src</Elem>
  </sourceRootList>
  <projectmakefile>Makefile</projectmakefile>
  <confs>
    <conf name="Debug" type="1">
      <toolsSet>
        <remote-sources-mode>LOCAL_SOURCES</remote-sources-mode>
        <compilerSet>GNU|GNU</compilerSet>
      </toolsSet>
      <compileType>
        <cTool>
          <incDir>
            <pElem>/opt/local/include/</pElem>
            <pElem>.</pElem>
          </incDir>
        </cTool>
        <ccTool>
          <architecture>2</architecture>
          <commandlineTool>g++</commandlineTool>
          <incDir>
            <pElem>lib-include/osx</pElem>
            <pElem>/Applications/Autodesk/FBXSDK20113_1/include/</pElem>
            <pElem>.</pElem>
          </incDir>
          <preprocessorList>
            <Elem>_DEBUG</Elem>
          </preprocessorList>
        </ccTool>
        <linkerTool>
          <linkerLibItems>
            <linkerLibFileItem>lib/osx/libGLEW.a</linkerLibFileItem>
            <linkerLibFileItem>lib/osx/libpng12.a</linkerLibFileItem>
            <linkerLibFileItem>lib/osx/libz.a</linkerLibFileItem>
            <linkerLibFileItem>/Applications/Autodesk/FBXSDK20113_1/lib/libfbxsdk_gcc4_ubd.a</linkerLibFileItem>
            <linkerLibFileItem>lib/osx/libxerces-c.a</linkerLibFileItem>
          </linkerLibItems>
          <commandLine>-framework GLUT -framework OPENGL -lm -lstdc++ -liconv -fexceptions -lz -framework Carbon -framework SystemConfiguration</commandLine>
        </linkerTool>
      </compileType>
      <folder path="TestFiles/f1">
        <cTool>
          <incDir>
            <pElem>.</pElem>
            <pElem>.</pElem>
            <pElem>.</pElem>
            <pElem>.</pElem>
            <pElem>.</pElem>
            <pElem>.</pElem>
            <pElem>.</pElem>
            <pElem>.</pElem>
            <pElem>.</pElem>
            <pElem>.</pElem>
            <pElem>.</pElem>
            <pElem>.</pElem>
            <pElem>.</pElem>
            <pElem>.</pElem>
            <pElem>.</pElem>
            <pElem>.</pElem>
            <pElem>.</pElem>
            <pElem>.</pElem>
            <pElem>.</pElem>
            <pElem>.</pElem>
            <pElem>.</pElem>
            <pElem>.</pElem>
            <pElem>.</pElem>
            <pElem>.</pElem>
            <pElem>.</pElem>
            <pElem>.</pElem>
            <pElem>.</pElem>
            <pElem>.</pElem>
            <pElem>.</pElem>
            <pElem>.</pElem>
            <pElem>.</pElem>
            <pElem>.</pElem>
            <pElem>.</pElem>
            <pElem>.</pElem>
            <pElem>.</pElem>
            <pElem>.</pElem>
            <pElem>.</pElem>
            <pElem>.</pElem>
            <pElem>.</pElem>
            <pElem>lib-include</pElem>
            <pElem>.</pElem>
            <pElem>.</pElem>
          </incDir>
        </cTool>
        <ccTool>
          <incDir>
            <pElem>.</pElem>
            <pElem>.</pElem>
            <pElem>.</pElem>
            <pElem>.</pElem>
            <pElem>.</pElem>
            <pElem>.</pElem>
            <pElem>.</pElem>
            <pElem>.</pElem>
            <pElem>.</pElem>
            <pElem>.</pElem>
            <pElem>.</pElem>
            <pElem>.</pElem>
            <pElem>.</pElem>
            <pElem>.</pElem>
            <pElem>.</pElem>
            <pElem>.</pElem>
            <pElem>.</pElem>
            <pElem>.</pElem>
            <pElem>.</pElem>
            <pElem>.</pElem>
            <pElem>.</pElem>
            <pElem>.</pElem>
            <pElem>.</pElem>
            <pElem>.</pElem>
            <pElem>.</pElem>
            <pElem>.</pElem>
            <pElem>.</pElem>
            <pElem>.</pElem>
            <pElem>.</pElem>
            <pElem>.</pElem>
            <pElem>.</pElem>
            <pElem>.</pElem>
            <pElem>.</pElem>
            <pElem>.</pElem>
            <pElem>.</pElem>
            <pElem>.</pElem>
            <pElem>.</pElem>
            <pElem>.</pElem>
            <pElem>.</pElem>
            <pElem>lib-include</pElem>
            <pElem>.</pElem>
            <pElem>.</pElem>
          </incDir>
        </ccTool>
        <linkerTool>
          <output>${TESTDIR}/TestFiles/f1</output>
          <linkerLibItems>
            <linkerLibFileItem>lib/libGLEW.a</linkerLibFileItem>
          </linkerLibItems>
          <commandLine>-framework GLUT -framework OPENGL</commandLine>
        </linkerTool>
      </folder>
      <folder path="TestFiles/f2">
        <cTool>
          <incDir>
            <pElem>.</pElem>
            <pElem>.</pElem>
            <pElem>.</pElem>
            <pElem>.</pElem>
            <pElem>.</pElem>
            <pElem>.</pElem>
            <pElem>.</pElem>
            <pElem>.</pElem>
            <pElem>.</pElem>
            <pElem>.</pElem>
            <pElem>.</pElem>
            <pElem>.</pElem>
            <pElem>.</pElem>
            <pElem>.</pElem>
            <pElem>.</pElem>
            <pElem>.</pElem>
            <pElem>.</pElem>
            <pElem>.</pElem>
            <pElem>.</pElem>
            <pElem>.</pElem>
            <pElem>.</pElem>
            <pElem>.</pElem>
            <pElem>.</pElem>
            <pElem>.</pElem>
          </incDir>
        </cTool>
        <ccTool>
          <incDir>
            <pElem>.</pElem>
            <pElem>.</pElem>
            <pElem>.</pElem>
            <pElem>.</pElem>
            <pElem>.</pElem>
            <pElem>.</pElem>
            <pElem>.</pElem>
            <pElem>.</pElem>
            <pElem>.</pElem>
            <pElem>.</pElem>
            <pElem>.</pElem>
            <pElem>.</pElem>
            <pElem>.</pElem>
            <pElem>.</pElem>
            <pElem>.</pElem>
            <pElem>.</pElem>
            <pElem>.</pElem>
            <pElem>.</pElem>
            <pElem>.</pElem>
            <pElem>.</pElem>
            <pElem>.</pElem>
            <pElem>.</pElem>
            <pElem>.</pElem>
            <pElem>.</pElem>
          </incDir>
        </ccTool>
        <linkerTool>
          <output>${TESTDIR}/TestFiles/f2</output>
          <commandLine>-framework GLUT -framework OPENGL</commandLine>
        </linkerTool>
      </folder>
      <folder path="TestFiles/f3">
        <cTool>
          <incDir>
            <pElem>.</pElem>
            <pElem>.</pElem>
            <pElem>.</pElem>
            <pElem>.</pElem>
            <pElem>.</pElem>
            <pElem>.</pElem>
            <pElem>.</pElem>
            <pElem>.</pElem>
            <pElem>.</pElem>
            <pElem>.</pElem>
            <pElem>.</pElem>
            <pElem>.</pElem>
            <pElem>.</pElem>
            <pElem>.</pElem>
            <pElem>.</pElem>
            <pElem>.</pElem>
            <pElem>.</pElem>
            <pElem>.</pElem>
            <pElem>.</pElem>
            <pElem>.</pElem>
            <pElem>.</pElem>
            <pElem>.</pElem>
            <pElem>.</pElem>
            <pElem>.</pElem>
            <pElem>.</pElem>
            <pElem>.</pElem>
            <pElem>.</pElem>
            <pElem>.</pElem>
            <pElem>.</pElem>
            <pElem>.</pElem>
            <pElem>.</pElem>
            <pElem>.</pElem>
            <pElem>.</pElem>
            <pElem>.</pElem>
            <pElem>.</pElem>
            <pElem>.</pElem>
            <pElem>.</pElem>
            <pElem>.</pElem>
          </incDir>
        </cTool>
        <ccTool>
          <incDir>
            <pElem>.</pElem>
            <pElem>.</pElem>
            <pElem>.</pElem>
            <pElem>.</pElem>
            <pElem>.</pElem>
            <pElem>.</pElem>
            <pElem>.</pElem>
            <pElem>.</pElem>
            <pElem>.</pElem>
            <pElem>.</pElem>
            <pElem>.</pElem>
            <pElem>.</pElem>
            <pElem>.</pElem>
            <pElem>.</pElem>
            <pElem>.</pElem>
            <pElem>.</pElem>
            <pElem>.</pElem>
            <pElem>.</pElem>
            <pElem>.</pElem>
            <pElem>.</pElem>
            <pElem>.</pElem>
            <pElem>.</pElem>
            <pElem>.</pElem>
            <pElem>.</pElem>
            <pElem>.</pElem>
            <pElem>.</pElem>
            <pElem>.</pElem>
            <pElem>.</pElem>
            <pElem>.</pElem>
            <pElem>.</pElem>
            <pElem>.</pElem>
            <pElem>.</pElem>
            <pElem>.</pElem>
            <pElem>.</pElem>
            <pElem>.</pElem>
            <pElem>.</pElem>
            <pElem>.</pElem>
            <pElem>.</pElem>
          </incDir>
        </ccTool>
        <linkerTool>
          <output>${TESTDIR}/TestFiles/f3</output>
          <commandLine>-framework GLUT -framework OPENGL</commandLine>
        </linkerTool>
      </folder>
      <item path="png_texture.cpp" ex="true" tool="1" flavor="0">
      </item>
    </conf>
    <conf name="Release" type="1">
      <toolsSet>
        <remote-sources-mode>LOCAL_SOURCES</remote-sources-mode>
        <compilerSet>GNU|GNU</compilerSet>
      </toolsSet>
      <compileType>
        <cTool>
          <developmentMode>5</developmentMode>
          <incDir>
            <pElem>.</pElem>
            <pElem>.</pElem>
            <pElem>.</pElem>
          </incDir>
        </cTool>
        <ccTool>
          <developmentMode>5</developmentMode>
          <incDir>
            <pElem>.</pElem>
            <pElem>.</pElem>
            <pElem>.</pElem>
          </incDir>
          <preprocessorList>
            <Elem>RENDER_E_PNG</Elem>
          </preprocessorList>
        </ccTool>
        <fortranCompilerTool>
          <developmentMode>5</developmentMode>
        </fortranCompilerTool>
        <asmTool>
          <developmentMode>5</developmentMode>
        </asmTool>
        <linkerTool>
          <output>${TESTDIR}/TestFiles/f1</output>
        </linkerTool>
      </compileType>
      <folder path="TestFiles/f1">
        <cTool>
          <incDir>
            <pElem>.</pElem>
            <pElem>.</pElem>
            <pElem>.</pElem>
            <pElem>.</pElem>
            <pElem>.</pElem>
            <pElem>.</pElem>
            <pElem>.</pElem>
            <pElem>.</pElem>
            <pElem>.</pElem>
            <pElem>.</pElem>
            <pElem>.</pElem>
            <pElem>.</pElem>
            <pElem>.</pElem>
            <pElem>.</pElem>
            <pElem>.</pElem>
            <pElem>.</pElem>
            <pElem>.</pElem>
            <pElem>.</pElem>
            <pElem>.</pElem>
            <pElem>.</pElem>
            <pElem>.</pElem>
            <pElem>.</pElem>
            <pElem>.</pElem>
            <pElem>.</pElem>
            <pElem>.</pElem>
            <pElem>.</pElem>
            <pElem>.</pElem>
            <pElem>.</pElem>
            <pElem>.</pElem>
            <pElem>.</pElem>
            <pElem>.</pElem>
            <pElem>.</pElem>
            <pElem>.</pElem>
            <pElem>.</pElem>
            <pElem>.</pElem>
            <pElem>.</pElem>
            <pElem>.</pElem>
            <pElem>.</pElem>
            <pElem>.</pElem>
            <pElem>.</pElem>
          </incDir>
        </cTool>
        <ccTool>
          <incDir>
            <pElem>.</pElem>
            <pElem>.</pElem>
            <pElem>.</pElem>
            <pElem>.</pElem>
            <pElem>.</pElem>
            <pElem>.</pElem>
            <pElem>.</pElem>
            <pElem>.</pElem>
            <pElem>.</pElem>
            <pElem>.</pElem>
            <pElem>.</pElem>
            <pElem>.</pElem>
            <pElem>.</pElem>
            <pElem>.</pElem>
            <pElem>.</pElem>
            <pElem>.</pElem>
            <pElem>.</pElem>
            <pElem>.</pElem>
            <pElem>.</pElem>
            <pElem>.</pElem>
            <pElem>.</pElem>
            <pElem>.</pElem>
            <pElem>.</pElem>
            <pElem>.</pElem>
            <pElem>.</pElem>
            <pElem>.</pElem>
            <pElem>.</pElem>
            <pElem>.</pElem>
            <pElem>.</pElem>
            <pElem>.</pElem>
            <pElem>.</pElem>
            <pElem>.</pElem>
            <pElem>.</pElem>
            <pElem>.</pElem>
            <pElem>.</pElem>
            <pElem>.</pElem>
            <pElem>.</pElem>
            <pElem>.</pElem>
            <pElem>.</pElem>
            <pElem>.</pElem>
          </incDir>
        </ccTool>
        <linkerTool>
          <output>${TESTDIR}/TestFiles/f1</output>
        </linkerTool>
      </folder>
      <folder path="TestFiles/f2">
        <cTool>
          <incDir>
            <pElem>.</pElem>
            <pElem>.</pElem>
            <pElem>.</pElem>
            <pElem>.</pElem>
            <pElem>.</pElem>
            <pElem>.</pElem>
            <pElem>.</pElem>
            <pElem>.</pElem>
            <pElem>.</pElem>
            <pElem>.</pElem>
            <pElem>.</pElem>
            <pElem>.</pElem>
            <pElem>.</pElem>
            <pElem>.</pElem>
            <pElem>.</pElem>
            <pElem>.</pElem>
            <pElem>.</pElem>
            <pElem>.</pElem>
            <pElem>.</pElem>
            <pElem>.</pElem>
            <pElem>.</pElem>
            <pElem>.</pElem>
            <pElem>.</pElem>
            <pElem>.</pElem>
            <pElem>.</pElem>
            <pElem>.</pElem>
            <pElem>.</pElem>
            <pElem>.</pElem>
            <pElem>.</pElem>
            <pElem>.</pElem>
            <pElem>.</pElem>
            <pElem>.</pElem>
            <pElem>.</pElem>
            <pElem>.</pElem>
            <pElem>.</pElem>
            <pElem>.</pElem>
            <pElem>.</pElem>
            <pElem>.</pElem>
          </incDir>
        </cTool>
        <ccTool>
          <incDir>
            <pElem>.</pElem>
            <pElem>.</pElem>
            <pElem>.</pElem>
            <pElem>.</pElem>
            <pElem>.</pElem>
            <pElem>.</pElem>
            <pElem>.</pElem>
            <pElem>.</pElem>
            <pElem>.</pElem>
            <pElem>.</pElem>
            <pElem>.</pElem>
            <pElem>.</pElem>
            <pElem>.</pElem>
            <pElem>.</pElem>
            <pElem>.</pElem>
            <pElem>.</pElem>
            <pElem>.</pElem>
            <pElem>.</pElem>
            <pElem>.</pElem>
            <pElem>.</pElem>
            <pElem>.</pElem>
            <pElem>.</pElem>
            <pElem>.</pElem>
            <pElem>.</pElem>
            <pElem>.</pElem>
            <pElem>.</pElem>
            <pElem>.</pElem>
            <pElem>.</pElem>
            <pElem>.</pElem>
            <pElem>.</pElem>
            <pElem>.</pElem>
            <pElem>.</pElem>
            <pElem>.</pElem>
            <pElem>.</pElem>
            <pElem>.</pElem>
            <pElem>.</pElem>
            <pElem>.</pElem>
            <pElem>.</pElem>
          </incDir>
        </ccTool>
        <linkerTool>
          <output>${TESTDIR}/TestFiles/f2</output>
        </linkerTool>
      </folder>
      <folder path="TestFiles/f3">
        <cTool>
          <incDir>
            <pElem>.</pElem>
            <pElem>.</pElem>
            <pElem>.</pElem>
            <pElem>.</pElem>
            <pElem>.</pElem>
            <pElem>.</pElem>
            <pElem>.</pElem>
            <pElem>.</pElem>
            <pElem>.</pElem>
            <pElem>.</pElem>
            <pElem>.</pElem>
            <pElem>.</pElem>
            <pElem>.</pElem>
            <pElem>.</pElem>
            <pElem>.</pElem>
            <pElem>.</pElem>
            <pElem>.</pElem>
            <pElem>.</pElem>
            <pElem>.</pElem>
            <pElem>.</pElem>
            <pElem>.</pElem>
            <pElem>.</pElem>
            <pElem>.</pElem>
            <pElem>.</pElem>
            <pElem>.</pElem>
            <pElem>.</pElem>
            <pElem>.</pElem>
            <pElem>.</pElem>
            <pElem>.</pElem>
            <pElem>.</pElem>
            <pElem>.</pElem>
            <pElem>.</pElem>
            <pElem>.</pElem>
            <pElem>.</pElem>
            <pElem>.</pElem>
            <pElem>.</pElem>
            <pElem>.</pElem>
            <pElem>.</pElem>
          </incDir>
        </cTool>
        <ccTool>
          <incDir>
            <pElem>.</pElem>
            <pElem>.</pElem>
            <pElem>.</pElem>
            <pElem>.</pElem>
            <pElem>.</pElem>
            <pElem>.</pElem>
            <pElem>.</pElem>
            <pElem>.</pElem>
            <pElem>.</pElem>
            <pElem>.</pElem>
            <pElem>.</pElem>
            <pElem>.</pElem>
            <pElem>.</pElem>
            <pElem>.</pElem>
            <pElem>.</pElem>
            <pElem>.</pElem>
            <pElem>.</pElem>
            <pElem>.</pElem>
            <pElem>.</pElem>
            <pElem>.</pElem>
            <pElem>.</pElem>
            <pElem>.</pElem>
            <pElem>.</pElem>
            <pElem>.</pElem>
            <pElem>.</pElem>
            <pElem>.</pElem>
            <pElem>.</pElem>
            <pElem>.</pElem>
            <pElem>.</pElem>
            <pElem>.</pElem>
            <pElem>.</pElem>
            <pElem>.</pElem>
            <pElem>.</pElem>
            <pElem>.</pElem>
            <pElem>.</pElem>
            <pElem>.</pElem>
            <pElem>.</pElem>
            <pElem>.</pElem>
          </incDir>
        </ccTool>
        <linkerTool>
          <output>${TESTDIR}/TestFiles/f3</output>
        </linkerTool>
      </folder>
    </conf>
  </confs>
</configurationDescriptor>
